id_area;no1;no2;Latitude_Decimal;Longitude_Decimal;status;Latitude_jadi;Longitude_jadi
7;714;1;-1050556;123321389;VALID;-1.050556;123.321389
7;714;1;-1050556;123321389;VALID;-1.050556;123.321389
7;714;2;-1146389;123299444;VALID;-1.146389;123.299444
7;714;2;-1146389;123299444;VALID;-1.146389;123.299444
7;714;3;-1156111;123303056;VALID;-1.156111;123.303056
7;714;3;-1156111;123303056;VALID;-1.156111;123.303056
7;714;4;-1174722;123315556;VALID;-1.174722;123.315556
7;714;4;-1174722;123315556;VALID;-1.174722;123.315556
7;714;5;-1188056;123324722;VALID;-1.188056;123.324722
7;714;5;-1188056;123324722;VALID;-1.188056;123.324722
7;714;6;-1220556;123381111;VALID;-1.220556;123.381111
7;714;6;-1220556;123381111;VALID;-1.220556;123.381111
7;714;7;-146;123508611;VALID;-0.000146;123.508611
7;714;7;-146;123508611;VALID;-0.000146;123.508611
7;714;8;-1477222;123531667;VALID;-1.477222;123.531667
7;714;8;-1477222;123531667;VALID;-1.477222;123.531667
7;714;9;-1637222;123621389;VALID;-1.637222;123.621389
7;714;9;-1637222;123621389;VALID;-1.637222;123.621389
7;714;10;-166;124400556;VALID;-0.000166;124.400556
7;714;10;-166;124400556;VALID;-0.000166;124.400556
7;714;11;-1781111;125316389;VALID;-1.781111;125.316389
7;714;11;-1781111;125316389;VALID;-1.781111;125.316389
7;714;12;-1780556;125366944;VALID;-1.780556;125.366944
7;714;12;-1780556;125366944;VALID;-1.780556;125.366944
7;714;13;-1939444;1259175;TIDAK VALID;-1.939444;1.259175
7;714;13;-1939444;1259175;TIDAK VALID;-1.939444;1.259175
7;714;14;-1975;125918611;VALID;-0.001975;125.918611
7;714;14;-1975;125918611;VALID;-0.001975;125.918611
7;714;15;-2476667;126046667;VALID;-2.476667;126.046667
7;714;15;-2476667;126046667;VALID;-2.476667;126.046667
7;714;16;-3112778;126089722;VALID;-3.112778;126.089722
7;714;16;-3112778;126089722;VALID;-3.112778;126.089722
7;714;17;-3063056;126801111;VALID;-3.063056;126.801111
7;714;17;-3063056;126801111;VALID;-3.063056;126.801111
7;714;18;-2865556;128161389;VALID;-2.865556;128.161389
7;714;18;-2865556;128161389;VALID;-2.865556;128.161389
7;714;19;-3863611;130850278;VALID;-3.863611;130.850278
7;714;19;-3863611;130850278;VALID;-3.863611;130.850278
7;714;20;-3867778;130932778;VALID;-3.867778;130.932778
7;714;20;-3867778;130932778;VALID;-3.867778;130.932778
7;714;21;-3878889;130955833;VALID;-3.878889;130.955833
7;714;21;-3878889;130955833;VALID;-3.878889;130.955833
7;714;22;-38775;130958611;VALID;-0.038775;130.958611
7;714;22;-38775;130958611;VALID;-0.038775;130.958611
7;714;23;-3883611;130964167;VALID;-3.883611;130.964167
7;714;23;-3883611;130964167;VALID;-3.883611;130.964167
7;714;24;-3906944;131053889;VALID;-3.906944;131.053889
7;714;24;-3906944;131053889;VALID;-3.906944;131.053889
7;714;25;-3905833;131056944;VALID;-3.905833;131.056944
7;714;25;-3355833;131056944;VALID;-3.355833;131.056944
7;714;26;-3915;131090833;VALID;-0.003915;131.090833
7;714;26;-3915;131090833;VALID;-0.003915;131.090833
7;714;27;-3915833;131096667;VALID;-3.915833;131.096667
7;714;27;-3915833;131096667;VALID;-3.915833;131.096667
7;714;28;-3918889;131164444;VALID;-3.918889;131.164444
7;714;28;-3918889;131164444;VALID;-3.918889;131.164444
7;714;29;-3918889;131182778;VALID;-3.918889;131.182778
7;714;29;-3918889;131182778;VALID;-3.918889;131.182778
7;714;30;-3926667;131205556;VALID;-3.926667;131.205556
7;714;30;-3926667;131205556;VALID;-3.926667;131.205556
7;714;31;-3971111;1313675;TIDAK VALID;-3.971111;1.313675
7;714;31;-3971111;1313675;TIDAK VALID;-3.971111;1.313675
7;714;32;-4068611;131450278;VALID;-4.068611;131.450278
7;714;32;-4068611;131450278;VALID;-4.068611;131.450278
7;714;33;-4378889;131583889;VALID;-4.378889;131.583889
7;714;33;-4378889;131583889;VALID;-4.378889;131.583889
7;714;34;-4416389;131606667;VALID;-4.416389;131.606667
7;714;34;-4416389;131606667;VALID;-4.416389;131.606667
7;714;35;-4423333;131609722;VALID;-4.423333;131.609722
7;714;35;-4423333;131609722;VALID;-4.423333;131.609722
7;714;36;-4538611;131681389;VALID;-4.538611;131.681389
7;714;36;-4538611;131681389;VALID;-4.538611;131.681389
7;714;37;-4584444;131690833;VALID;-4.584444;131.690833
7;714;37;-4584444;131690833;VALID;-4.584444;131.690833
7;714;38;-4601111;131703611;VALID;-4.601111;131.703611
7;714;38;-4601111;131703611;VALID;-4.601111;131.703611
7;714;39;-47;131729167;VALID;-0.000047;131.729167
7;714;39;-47;131729167;VALID;-0.000047;131.729167
7;714;40;-4788056;131740278;VALID;-4.788056;131.740278
7;714;40;-4788056;131740278;VALID;-4.788056;131.740278
7;714;41;-5278611;133121944;VALID;-5.278611;133.121944
7;714;41;-5278611;133121944;VALID;-5.278611;133.121944
7;714;42;-6007222;132845;TIDAK VALID;-6.007222;0.132845
7;714;42;-6007222;132845;TIDAK VALID;-6.007222;0.132845
7;714;43;-6986944;132008333;VALID;-6.986944;132.008333
7;714;43;-6986944;132008333;VALID;-6.986944;132.008333
7;714;44;-7082222;131912778;VALID;-7.082222;131.912778
7;714;44;-7082222;131912778;VALID;-7.082222;131.912778
7;714;45;-7101111;1318875;TIDAK VALID;-7.101111;1.318875
7;714;45;-7101111;131915278;VALID;-7.101111;131.915278
7;714;46;-8030833;1312925;TIDAK VALID;-8.030833;1.312925
7;714;46;-8030833;1312925;TIDAK VALID;-8.030833;1.312925
7;714;47;-8031667;131291944;VALID;-8.031667;131.291944
7;714;47;-8031667;131291944;VALID;-8.031667;131.291944
7;714;48;-8061944;131281111;VALID;-8.061944;131.281111
7;714;48;-8061944;131281111;VALID;-8.061944;131.281111
7;714;49;-8118611;131166389;VALID;-8.118611;131.166389
7;714;49;-8118611;131166389;VALID;-8.118611;131.166389
7;714;50;-8337778;130755556;VALID;-8.337778;130.755556
7;714;50;-8337778;130755556;VALID;-8.337778;130.755556
7;714;51;-8261667;129016111;VALID;-8.261667;129.016111
7;714;51;-8261667;129016111;VALID;-8.261667;129.016111
7;714;52;-8200833;128825556;VALID;-8.200833;128.825556
7;714;52;-8200833;128825556;VALID;-8.200833;128.825556
7;714;53;-8271111;128234444;VALID;-8.271111;128.234444
7;714;53;-8271111;128234444;VALID;-8.271111;128.234444
7;714;54;-8256944;128078889;VALID;-8.256944;128.078889
7;714;54;-8256944;128078889;VALID;-8.256944;128.078889
7;714;55;-8259722;128045;TIDAK VALID;-8.259722;0.128045
7;714;55;-8259722;128045;TIDAK VALID;-8.259722;0.128045
7;714;56;-8195;127807778;VALID;-0.008195;127.807778
7;714;56;-8195;127807778;VALID;-0.008195;127.807778
7;714;57;-8214444;127741389;VALID;-8.214444;127.741389
7;714;57;-8214444;127741389;VALID;-8.214444;127.741389
7;714;58;-8216944;127601111;VALID;-8.216944;127.601111
7;714;58;-8216944;127601111;VALID;-8.216944;127.601111
7;714;59;-8300833;12745;TIDAK VALID;-8.300833;0.012745
7;714;59;-8300833;12745;TIDAK VALID;-8.300833;0.012745
7;714;60;-8315;127423333;VALID;-0.008315;127.423333
7;714;60;-8315;127423333;VALID;-0.008315;127.423333
7;714;61;-8297222;127388333;VALID;-8.297222;127.388333
7;714;62;-8248889;127270556;VALID;-8.248889;127.270556
7;714;63;-8226667;127211389;VALID;-8.226667;127.211389
7;714;64;-8219722;1271475;TIDAK VALID;-8.219722;1.271475
7;714;65;-8218333;127090833;VALID;-8.218333;127.090833
7;714;66;-8198889;127023889;VALID;-8.198889;127.023889
7;714;67;-8196111;126965278;VALID;-8.196111;126.965278
7;714;68;-8193889;126954444;VALID;-8.193889;126.954444
7;714;69;-8198333;126883056;VALID;-8.198333;126.883056
7;714;70;-8210278;126810556;VALID;-8.210278;126.810556
7;714;71;-8213889;126739167;VALID;-8.213889;126.739167
7;714;72;-82125;126668889;VALID;-0.082125;126.668889
7;714;73;-8221389;126596944;VALID;-8.221389;126.596944
7;714;74;-8220278;126562778;VALID;-8.220278;126.562778
7;714;75;-8196667;126455556;VALID;-8.196667;126.455556
7;714;76;-8210833;126308889;VALID;-8.210833;126.308889
7;714;77;-8250833;126176667;VALID;-8.250833;126.176667
7;714;78;-8259722;126092222;VALID;-8.259722;126.092222
7;714;79;-8254722;125929444;VALID;-8.254722;125.929444
7;714;80;-8258611;125869722;VALID;-8.258611;125.869722
7;714;81;-8249167;125855556;VALID;-8.249167;125.855556
7;714;82;-8204167;125788889;VALID;-8.204167;125.788889
7;714;83;-8188333;125771667;VALID;-8.188333;125.771667
7;714;84;-8122222;125672778;VALID;-8.122222;125.672778
7;714;85;-8113611;125642778;VALID;-8.113611;125.642778
7;714;86;-8120278;125622778;VALID;-8.120278;125.622778
7;714;87;-8185556;125523889;VALID;-8.185556;125.523889
7;714;88;-8246389;125444167;VALID;-8.246389;125.444167
7;714;89;-8371944;125333056;VALID;-8.371944;125.333056
7;714;90;-8438611;125268056;VALID;-8.438611;125.268056
7;714;91;-8464167;125162778;VALID;-8.464167;125.162778
7;714;91;-8464167;125162778;VALID;-8.464167;125.162778
7;714;92;-8319167;125140278;VALID;-8.319167;125.140278
7;714;92;-8319167;125140278;VALID;-8.319167;125.140278
7;714;93;-8132222;124471944;VALID;-8.132222;124.471944
7;714;93;-8132222;124471944;VALID;-8.132222;124.471944
7;714;94;-8177222;124384444;VALID;-8.177222;124.384444
7;714;94;-8177222;124384444;VALID;-8.177222;124.384444
7;714;95;-8182778;124370278;VALID;-8.182778;124.370278
7;714;95;-8182778;124370278;VALID;-8.182778;124.370278
7;714;96;-8180556;124319167;VALID;-8.180556;124.319167
7;714;96;-8180556;124319167;VALID;-8.180556;124.319167
7;714;97;-8293056;124058611;VALID;-8.293056;124.058611
7;714;97;-8293056;124058611;VALID;-8.293056;124.058611
7;714;98;-8249722;123924167;VALID;-8.249722;123.924167
7;714;98;-8249722;123924167;VALID;-8.249722;123.924167
7;714;99;-8298889;123345278;VALID;-8.298889;123.345278
7;714;99;-8298889;123345278;VALID;-8.298889;123.345278
7;714;100;-827;123333611;VALID;-0.000827;123.333611
7;714;100;-827;123333611;VALID;-0.000827;123.333611
7;714;101;-8325278;123019722;VALID;-8.325278;123.019722
7;714;101;-8325278;123019722;VALID;-8.325278;123.019722
7;714;102;-8322778;123012778;VALID;-8.322778;123.012778
7;714;102;-8322778;123012778;VALID;-8.322778;123.012778
3;573;1;-9336389;124044444;VALID;-9.336389;124.044444
3;573;2;-9333611;124044167;VALID;-9.333611;124.044167
3;573;3;-9295;124027778;VALID;-0.009295;124.027778
3;573;4;-9249722;124066667;VALID;-9.249722;124.066667
3;573;5;-9206389;124086389;VALID;-9.206389;124.086389
3;573;6;-9073611;124083333;VALID;-9.073611;124.083333
3;573;7;-9064722;124101111;VALID;-9.064722;124.101111
3;573;8;-9058333;124117778;VALID;-9.058333;124.117778
3;573;9;-90375;124179444;VALID;-0.090375;124.179444
3;573;10;-9020278;124210556;VALID;-9.020278;124.210556
3;573;11;-9009722;1242325;TIDAK VALID;-9.009722;1.242325
3;573;12;-9003333;124249722;VALID;-9.003333;124.249722
3;573;13;-9000833;124259167;VALID;-9.000833;124.259167
3;573;14;-8970833;124375833;VALID;-8.970833;124.375833
3;573;15;-8966111;124400833;VALID;-8.966111;124.400833
3;573;16;-8964722;124424722;VALID;-8.964722;124.424722
3;573;17;-8964722;124447222;VALID;-8.964722;124.447222
3;573;18;-8964722;124457222;VALID;-8.964722;124.457222
3;573;19;-8966667;124476389;VALID;-8.966667;124.476389
3;573;20;-8969722;124491944;VALID;-8.969722;124.491944
3;573;21;-9023889;124485556;VALID;-9.023889;124.485556
3;573;22;-9088333;124476389;VALID;-9.088333;124.476389
3;573;23;-9135;124475833;VALID;-0.009135;124.475833
3;573;24;-9172222;124475;TIDAK VALID;-9.172222;0.124475
3;573;25;-9174444;124476111;VALID;-9.174444;124.476111
3;573;26;-8492222;125116944;VALID;-8.492222;125.116944
3;573;27;-8505833;125055;TIDAK VALID;-8.505833;0.125055
3;573;28;-8528333;1250025;TIDAK VALID;-8.528333;1.250025
3;573;29;-8550556;124994167;VALID;-8.550556;124.994167
3;573;30;-8614167;124983611;VALID;-8.614167;124.983611
3;573;31;-8675278;124981667;VALID;-8.675278;124.981667
3;573;32;-8735;124985;TIDAK VALID;-0.008735;0.124985
3;573;33;-8800278;124968056;VALID;-8.800278;124.968056
3;573;34;-8863611;124958611;VALID;-8.863611;124.958611
3;573;35;-8876389;124963889;VALID;-8.876389;124.963889
3;573;36;-8955278;124951111;VALID;-8.955278;124.951111
3;573;37;-8955833;124950278;VALID;-8.955833;124.950278
3;573;38;-9460278;125088889;VALID;-9.460278;125.088889
3;573;39;-9545556;125188056;VALID;-9.545556;125.188056
3;573;40;-9617778;125231111;VALID;-9.617778;125.231111
3;573;41;-9672222;125263333;VALID;-9.672222;125.263333
3;573;42;-9927222;125518611;VALID;-9.927222;125.518611
3;573;43;-10177222;125819167;VALID;-10.177222;125.819167
3;573;44;-11015278;126295;TIDAK VALID;-11.015278;0.126295
3;573;45;-11338889;126500278;TIDAK VALID;-11.338889;126.500278
3;573;46;-1135;126466667;VALID;-0.001135;126.466667
3;573;47;-11433333;1262;TIDAK VALID;-11.433333;0.001262
3;573;48;-11516667;126;TIDAK VALID;-11.516667;0.000126
3;573;49;-11616667;12575;TIDAK VALID;-11.616667;0.012575
3;573;50;-1175;125416667;VALID;-0.001175;125.416667
3;573;51;-11783333;125333333;TIDAK VALID;-11.783333;125.333333
3;573;52;-12316667;12335;TIDAK VALID;-12.316667;0.012335
3;573;53;-12258889;123348611;TIDAK VALID;-12.258889;123.348611
3;573;54;-12194722;123342222;TIDAK VALID;-12.194722;123.342222
3;573;55;-12156667;123328611;TIDAK VALID;-12.156667;123.328611
3;573;56;-12125;123316111;VALID;-0.012125;123.316111
3;573;57;-12085833;123294167;TIDAK VALID;-12.085833;123.294167
3;573;58;-12048889;123262778;TIDAK VALID;-12.048889;123.262778
3;573;59;-12025;123234444;VALID;-0.012025;123.234444
3;573;60;-11998333;123181389;TIDAK VALID;-11.998333;123.181389
3;573;61;-1199;123144722;VALID;-0.001199;123.144722
3;573;62;-11975556;123082222;TIDAK VALID;-11.975556;123.082222
3;573;63;-11977778;123012222;TIDAK VALID;-11.977778;123.012222
3;573;64;-11987778;122979167;TIDAK VALID;-11.987778;122.979167
3;573;65;-12005278;122926944;TIDAK VALID;-12.005278;122.926944
3;573;66;-12041389;122857778;TIDAK VALID;-12.041389;122.857778
3;573;67;-12059444;122826944;TIDAK VALID;-12.059444;122.826944
3;573;68;-12093056;122789444;TIDAK VALID;-12.093056;122.789444
3;573;69;-12151111;122750556;TIDAK VALID;-12.151111;122.750556
3;573;70;-12207778;122732778;TIDAK VALID;-12.207778;122.732778
3;573;71;-12252778;12273;TIDAK VALID;-12.252778;0.012273
3;573;72;-12299167;122737778;TIDAK VALID;-12.299167;122.737778
3;573;73;-12353056;122759722;TIDAK VALID;-12.353056;122.759722
3;573;74;-12390278;122787222;TIDAK VALID;-12.390278;122.787222
3;573;75;-12427778;122829167;TIDAK VALID;-12.427778;122.829167
3;573;76;-12444167;122859167;TIDAK VALID;-12.444167;122.859167
3;573;77;-12459722;122898611;TIDAK VALID;-12.459722;122.898611
3;573;78;-12471667;122955;TIDAK VALID;-12.471667;0.122955
3;573;79;-12488056;123035;TIDAK VALID;-12.488056;0.123035
3;573;80;-125;1231;TIDAK VALID;-0.000125;0.001231
3;573;81;-1325;121816667;VALID;-0.001325;121.816667
3;573;82;-13933333;120016667;TIDAK VALID;-13.933333;120.016667
3;573;83;-13758611;119682222;TIDAK VALID;-13.758611;119.682222
3;573;84;-135975;119412778;VALID;-0.135975;119.412778
3;573;85;-13551111;119220278;TIDAK VALID;-13.551111;119.220278
3;573;86;-13493056;119031111;TIDAK VALID;-13.493056;119.031111
3;573;87;-134425;118891389;VALID;-0.134425;118.891389
3;573;88;-13179167;118359722;TIDAK VALID;-13.179167;118.359722
3;573;89;-12542222;117318333;TIDAK VALID;-12.542222;117.318333
3;573;90;-12440278;117161667;TIDAK VALID;-12.440278;117.161667
3;573;91;-12430278;116715833;TIDAK VALID;-12.430278;116.715833
3;573;92;-123875;116403056;VALID;-0.123875;116.403056
3;573;93;-12199444;1153925;TIDAK VALID;-12.199444;1.153925
3;573;94;-12163611;114758056;TIDAK VALID;-12.163611;114.758056
3;573;95;-12102222;114175278;TIDAK VALID;-12.102222;114.175278
3;573;96;-12038333;11379;TIDAK VALID;-12.038333;0.011379
3;573;97;-11817778;112816111;TIDAK VALID;-11.817778;112.816111
3;573;98;-11733056;111495278;TIDAK VALID;-11.733056;111.495278
3;573;99;-11687778;111121389;TIDAK VALID;-11.687778;111.121389
3;573;100;-11631944;110818611;TIDAK VALID;-11.631944;110.818611
3;573;101;-11445833;109945833;TIDAK VALID;-11.445833;109.945833
3;573;102;-11328333;109555278;TIDAK VALID;-11.328333;109.555278
3;573;103;-11173611;109023889;TIDAK VALID;-11.173611;109.023889
3;573;104;-9780556;105848611;VALID;-9.780556;105.848611
1;571;1;5609444;95365278;VALID;5.609444;95.365278
1;571;2;5805278;95375833;VALID;5.805278;95.375833
1;571;3;5906944;95217222;VALID;5.906944;95.217222
1;571;4;6416111;9449;TIDAK VALID;6.416111;0.009449
1;571;5;6641667;94633333;TIDAK VALID;6.641667;94.633333
1;571;6;6723333;94678333;TIDAK VALID;6.723333;94.678333
1;571;7;704;94926944;TIDAK VALID;0.000704;94.926944
1;571;8;7603889;95377222;TIDAK VALID;7.603889;95.377222
1;571;9;8055556;95676944;TIDAK VALID;8.055556;95.676944
1;571;10;8221389;95935556;TIDAK VALID;8.221389;95.935556
1;571;11;7125833;96625278;TIDAK VALID;7.125833;96.625278
1;571;12;6629722;97764444;TIDAK VALID;6.629722;97.764444
1;571;13;5808056;98396667;VALID;5.808056;98.396667
1;571;14;5383889;989325;TIDAK VALID;5.383889;0.989325
1;571;15;5300556;99015556;VALID;5.300556;99.015556
1;571;16;4889722;99315833;VALID;4.889722;99.315833
1;571;17;4578889;99669722;VALID;4.578889;99.669722
1;571;18;4344722;9987;TIDAK VALID;4.344722;0.009987
1;571;19;4106944;99953889;VALID;4.106944;99.953889
1;571;20;4043611;99912778;VALID;4.043611;99.912778
1;571;21;3976389;99898333;VALID;3.976389;99.898333
1;571;22;3901667;9991;TIDAK VALID;3.901667;0.009991
1;571;23;3847222;99939444;VALID;3.847222;99.939444
1;571;24;3804444;99984167;VALID;3.804444;99.984167
1;571;25;37775;10004;TIDAK VALID;0.037775;0.010004
1;571;26;3768889;100094167;VALID;3.768889;100.094167
1;571;27;3775278;100148889;VALID;3.775278;100.148889
1;571;28;3784167;100175;TIDAK VALID;3.784167;0.100175
1;571;29;3615278;100316667;VALID;3.615278;100.316667
1;571;30;3531667;1004525;TIDAK VALID;3.531667;1.004525
1;571;31;331;100709167;VALID;0.000331;100.709167
1;571;32;3020556;100819722;VALID;3.020556;100.819722
1;571;33;286;101003333;VALID;0.000286;101.003333
1;571;34;2691667;101201667;VALID;2.691667;101.201667
1;571;35;2256667;101775;TIDAK VALID;2.256667;0.101775
1;571;36;192;102223333;VALID;0.000192;102.223333
1;571;37;1686667;102583333;VALID;1.686667;102.583333
1;571;38;1318333;103035;TIDAK VALID;1.318333;0.103035
1;571;39;1325;103065;TIDAK VALID;0.001325;0.103065
1;571;40;125;10338;TIDAK VALID;0.000125;0.010338
1;571;41;1225;103421944;VALID;0.001225;103.421944
1;571;42;1187778;103346111;VALID;1.187778;103.346111
1;571;43;1141667;103294722;VALID;1.141667;103.294722
1;571;44;1119722;103289444;VALID;1.119722;103.289444
1;571;45;1101111;103289722;VALID;1.101111;103.289722
1;571;46;1088611;103286111;VALID;1.088611;103.286111
1;571;47;856667;103156667;VALID;0.856667;103.156667
1;571;48;841944;103149167;VALID;0.841944;103.149167
1;571;49;741389;103114167;VALID;0.741389;103.114167
1;571;50;72;103085556;VALID;0.000072;103.085556
1;571;51;691667;1030275;TIDAK VALID;0.691667;1.030275
1;571;52;691111;102992222;VALID;0.691111;102.992222
1;571;53;724722;102898611;VALID;0.724722;102.898611
2;572;1;-6836111;105240556;VALID;-6.836111;105.240556
2;572;1;-6836111;105240556;VALID;-6.836111;105.240556
2;572;2;-8870556;102570278;VALID;-8.870556;102.570278
2;572;2;-8870556;102570278;VALID;-8.870556;102.570278
2;572;3;-886;102074444;VALID;-0.000886;102.074444
2;572;4;-8783611;101584722;VALID;-8.783611;101.584722
2;572;5;-86425;101109444;VALID;-0.086425;101.109444
2;572;6;-8495833;100767778;VALID;-8.495833;100.767778
2;572;7;-8244444;100341111;VALID;-8.244444;100.341111
2;572;8;-7954722;99980833;VALID;-7.954722;99.980833
2;572;9;-7733611;99744444;VALID;-7.733611;99.744444
2;572;10;-7420833;99464722;VALID;-7.420833;99.464722
2;572;11;-6215833;98511667;VALID;-6.215833;98.511667
2;572;12;-5615556;97935278;VALID;-5.615556;97.935278
2;572;13;-5245556;97625556;VALID;-5.245556;97.625556
2;572;14;-4969167;97426389;VALID;-4.969167;97.426389
2;572;15;-4231111;96725;TIDAK VALID;-4.231111;0.096725
2;572;16;-4029722;96513611;VALID;-4.029722;96.513611
2;572;16;-3776667;96286111;VALID;-3.776667;96.286111
2;572;17;-3405556;96025278;VALID;-3.405556;96.025278
2;572;18;-3008056;95784444;VALID;-3.008056;95.784444
2;572;19;-20225;95133889;VALID;-0.020225;95.133889
2;572;20;-1930556;95063889;VALID;-1.930556;95.063889
2;572;21;-479722;94208611;TIDAK VALID;-0.479722;94.208611
2;572;22;-443889;94187222;TIDAK VALID;-0.443889;94.187222
2;572;23;53056;936825;TIDAK VALID;0.053056;0.936825
2;572;24;47;93181389;TIDAK VALID;0.000047;93.181389
2;572;25;976111;92717222;TIDAK VALID;0.976111;92.717222
2;572;26;1671389;92320278;TIDAK VALID;1.671389;92.320278
2;572;27;2188056;92147778;TIDAK VALID;2.188056;92.147778
2;572;28;2943333;92051944;TIDAK VALID;2.943333;92.051944
2;572;29;3799444;92041944;TIDAK VALID;3.799444;92.041944
2;572;30;3887778;92259722;TIDAK VALID;3.887778;92.259722
2;572;31;6112778;94266944;TIDAK VALID;6.112778;94.266944
2;572;32;63075;94426111;TIDAK VALID;0.063075;94.426111
4;711;1;1215556;103437778;VALID;1.215556;103.437778
4;711;2;1195556;103566667;VALID;1.195556;103.566667
4;711;3;1198889;103572222;VALID;1.198889;103.572222
4;711;4;1188056;103660556;VALID;1.188056;103.660556
4;711;5;1179444;103670833;VALID;1.179444;103.670833
4;711;6;1130278;103740556;VALID;1.130278;103.740556
4;711;7;1171389;103805;TIDAK VALID;1.171389;0.103805
4;711;8;1195833;103859722;VALID;1.195833;103.859722
4;711;9;1207222;103880833;VALID;1.207222;103.880833
4;711;10;1269444;104033333;VALID;1.269444;104.033333
4;711;11;1292222;104043333;VALID;1.292222;104.043333
4;711;12;1288056;104076667;VALID;1.288056;104.076667
4;711;13;1271111;1041325;TIDAK VALID;1.271111;1.041325
4;711;14;1270833;104167222;VALID;1.270833;104.167222
4;711;15;1271111;104201944;VALID;1.271111;104.201944
4;711;16;1276111;104236944;VALID;1.276111;104.236944
4;711;17;1281944;104271667;VALID;1.281944;104.271667
4;711;18;1281944;104306389;VALID;1.281944;104.306389
4;711;19;1288333;104341389;VALID;1.288333;104.341389
4;711;20;1300278;104376111;VALID;1.300278;104.376111
4;711;21;1306389;104387222;VALID;1.306389;104.387222
4;711;22;1329444;104416389;VALID;1.329444;104.416389
4;711;23;1358611;104443889;VALID;1.358611;104.443889
4;711;24;1385833;104471944;VALID;1.385833;104.471944
4;711;25;1398056;104495;TIDAK VALID;1.398056;0.104495
4;711;26;1399722;104494444;VALID;1.399722;104.494444
4;711;27;1424722;1044975;TIDAK VALID;1.424722;1.044975
4;711;28;1518889;104563056;VALID;1.518889;104.563056
4;711;29;164;104705833;VALID;0.000164;104.705833
4;711;30;1944167;104771389;VALID;1.944167;104.771389
4;711;31;2165;104973056;VALID;0.002165;104.973056
4;711;32;3050833;104808611;VALID;3.050833;104.808611
4;711;33;4016944;104720556;VALID;4.016944;104.720556
4;711;34;40475;104736389;VALID;0.040475;104.736389
4;711;35;5076111;105473611;VALID;5.076111;105.473611
4;711;36;6167778;105811111;TIDAK VALID;6.167778;105.811111
4;711;37;6193333;105902222;TIDAK VALID;6.193333;105.902222
4;711;38;7101111;107168056;TIDAK VALID;7.101111;107.168056
4;711;39;7742778;1090725;TIDAK VALID;7.742778;1.090725
4;711;40;7719444;109622778;TIDAK VALID;7.719444;109.622778
4;711;41;6185;111054722;VALID;0.006185;111.054722
4;711;42;6110833;111051944;TIDAK VALID;6.110833;111.051944
4;711;43;5741389;110862778;VALID;5.741389;110.862778
4;711;44;5218611;110676389;VALID;5.218611;110.676389
4;711;45;434;110284167;VALID;0.000434;110.284167
4;711;46;3593056;110190556;VALID;3.593056;110.190556
4;711;47;2889722;110219444;VALID;2.889722;110.219444
4;711;48;2083056;109635556;VALID;2.083056;109.635556
4;711;40;7394722;110109167;TIDAK VALID;7.394722;110.109167
5;712;1;-4164722;105832778;VALID;-4.164722;105.832778
5;712;1;-4165;105832778;VALID;-0.004165;105.832778
5;712;2;-3425278;107965833;VALID;-3.425278;107.965833
5;712;2;-3425556;107965833;VALID;-3.425556;107.965833
5;712;3;-30725;110210833;VALID;-0.030725;110.210833
5;712;3;-3072778;110210833;VALID;-3.072778;110.210833
5;712;4;-3045278;110641667;VALID;-3.045278;110.641667
5;712;4;-3045278;110641667;VALID;-3.045278;110.641667
5;712;5;-3038056;110647222;VALID;-3.038056;110.647222
5;712;5;-3038333;110647222;VALID;-3.038333;110.647222
5;712;6;-3857778;115383056;VALID;-3.857778;115.383056
5;712;6;-3857778;115383056;VALID;-3.857778;115.383056
5;712;7;-4716944;115710556;VALID;-4.716944;115.710556
5;712;7;-4716944;115710556;VALID;-4.716944;115.710556
5;712;8;-4722778;115712778;VALID;-4.722778;115.712778
5;712;8;-4722778;115712778;VALID;-4.722778;115.712778
5;712;9;-4841111;115771667;VALID;-4.841111;115.771667
5;712;9;-4841111;115771667;VALID;-4.841111;115.771667
5;712;10;-4895;115678333;VALID;-0.004895;115.678333
5;712;10;-4895;115678333;VALID;-0.004895;115.678333
5;712;11;-4931944;115637778;VALID;-4.931944;115.637778
5;712;11;-4931944;115637778;VALID;-4.931944;115.637778
5;712;12;-4938889;115630833;VALID;-4.938889;115.630833
5;712;12;-4938889;115630833;VALID;-4.938889;115.630833
5;712;13;-6940556;116272222;VALID;-6.940556;116.272222
5;712;13;-6940556;116272222;VALID;-6.940556;116.272222
5;712;14;-72025;115886944;VALID;-0.072025;115.886944
5;712;14;-72025;115886944;VALID;-0.072025;115.886944
5;712;15;-7935556;114423889;VALID;-7.935556;114.423889
5;712;15;-7935556;114423889;VALID;-7.935556;114.423889
5;712;16;-5878611;106040556;VALID;-5.878611;106.040556
5;712;16;-5878611;106040556;VALID;-5.878611;106.040556
5;712;17;-5580833;105828889;VALID;-5.580833;105.828889
5;712;17;-5580833;105828889;VALID;-5.580833;105.828889
6;713;1;-1019444;118988333;VALID;-1.019444;118.988333
6;713;1;1019444;118988333;VALID;1.019444;118.988333
6;713;2;-751111;120100556;VALID;-0.751111;120.100556
6;713;2;751111;120100556;VALID;0.751111;120.100556
6;713;3;-4689444;121471667;VALID;-4.689444;121.471667
6;713;3;-4689444;121471667;VALID;-4.689444;121.471667
6;713;4;-4690278;121471944;VALID;-4.690278;121.471944
6;713;4;-4690278;121471944;VALID;-4.690278;121.471944
6;713;5;-7333889;1218275;TIDAK VALID;-7.333889;1.218275
6;713;5;-7333889;1218275;TIDAK VALID;-7.333889;1.218275
6;713;6;-8383333;122682222;VALID;-8.383333;122.682222
6;713;6;-8383333;122682222;VALID;-8.383333;122.682222
6;713;6;-8383333;122682222;VALID;-8.383333;122.682222
6;713;6;-7399167;121820278;VALID;-7.399167;121.820278
6;713;7;-843;1198575;TIDAK VALID;-0.000843;1.198575
6;713;7;-7399167;121820278;VALID;-7.399167;121.820278
6;713;8;-8488056;119591389;VALID;-8.488056;119.591389
6;713;8;-8488056;119591389;VALID;-8.488056;119.591389
6;713;9;-8491667;119587778;VALID;-8.491667;119.587778
6;713;9;-8491667;119587778;VALID;-8.491667;119.587778
6;713;10;-8495556;119583611;VALID;-8.495556;119.583611
6;713;10;-8495556;119583611;VALID;-8.495556;119.583611
6;713;11;-8496111;119577222;VALID;-8.496111;119.577222
6;713;11;-8496111;119577222;VALID;-8.496111;119.577222
6;713;12;-8496389;119572222;VALID;-8.496389;119.572222
6;713;12;-8496389;119572222;VALID;-8.496389;119.572222
6;713;13;-8427222;119455;TIDAK VALID;-8.427222;0.119455
6;713;13;-8427222;119455;TIDAK VALID;-8.427222;0.119455
6;713;14;-8430833;119335278;VALID;-8.430833;119.335278
6;713;14;-8430833;119335278;VALID;-8.430833;119.335278
6;713;15;-8453611;119272778;VALID;-8.453611;119.272778
6;713;15;-8453611;119272778;VALID;-8.453611;119.272778
6;713;16;-8314444;119004167;VALID;-8.314444;119.004167
6;713;16;-8314444;119004167;VALID;-8.314444;119.004167
6;713;17;-8373611;117105;TIDAK VALID;-8.373611;0.117105
6;713;17;-8373611;117105;TIDAK VALID;-8.373611;0.117105
6;713;18;-8372222;117082222;VALID;-8.372222;117.082222
6;713;18;-8372222;117082222;VALID;-8.372222;117.082222
6;713;19;-8373333;117070833;VALID;-8.373333;117.070833
6;713;19;-8373333;117070833;VALID;-8.373333;117.070833
6;713;20;-83775;117059444;VALID;-0.083775;117.059444
6;713;20;-83775;117059444;VALID;-0.083775;117.059444
6;713;21;-8375556;117053333;VALID;-8.375556;117.053333
6;713;21;-8375556;117053333;VALID;-8.375556;117.053333
6;713;22;-83475;116718333;VALID;-0.083475;116.718333
6;713;22;-83475;116718333;VALID;-0.083475;116.718333
6;713;23;-8446944;116031944;VALID;-8.446944;116.031944
6;713;23;-8446944;116031944;VALID;-8.446944;116.031944
6;713;24;-8378056;115710833;VALID;-8.378056;115.710833
6;713;24;-8378056;115710833;VALID;-8.378056;115.710833
6;713;25;-8098056;114435833;VALID;-8.098056;114.435833
6;713;25;-8098056;114435833;VALID;-8.098056;114.435833
6;713;26;-8068333;114428056;VALID;-8.068333;114.428056
6;713;26;-8068333;114428056;VALID;-8.068333;114.428056
8;715;1;1577778;1251575;TIDAK VALID;1.577778;1.251575
8;715;1;1577778;1251575;TIDAK VALID;1.577778;1.251575
8;715;2;2300278;127778056;VALID;2.300278;127.778056
8;715;2;2300278;127778056;VALID;2.300278;127.778056
8;715;3;2595;128461389;VALID;0.002595;128.461389
8;715;3;2595;128461389;VALID;0.002595;128.461389
8;715;4;2421944;128693889;VALID;2.421944;128.693889
8;715;4;2421944;128693889;VALID;2.421944;128.693889
8;715;4;2421944;128693889;VALID;2.421944;128.693889
8;715;5;323333;129851389;VALID;0.323333;129.851389
8;715;5;323333;129851389;VALID;0.323333;129.851389
8;715;6;280556;129923333;VALID;0.280556;129.923333
8;715;6;280556;129923333;VALID;0.280556;129.923333
8;715;7;186944;130002222;VALID;0.186944;130.002222
8;715;7;186944;130002222;VALID;0.186944;130.002222
8;715;8;184722;130041667;VALID;0.184722;130.041667
8;715;8;184722;130041667;VALID;0.184722;130.041667
8;715;9;1825;130049167;VALID;0.001825;130.049167
8;715;9;1825;130049167;VALID;0.001825;130.049167
8;715;10;1825;13005;TIDAK VALID;0.001825;0.013005
8;715;10;147778;130118056;VALID;0.147778;130.118056
8;715;11;147778;130118056;VALID;0.147778;130.118056
8;715;11;131389;130151389;VALID;0.131389;130.151389
8;715;12;131389;130151389;VALID;0.131389;130.151389
8;715;12;111667;130213333;VALID;0.111667;130.213333
8;715;13;111667;130213333;VALID;0.111667;130.213333
8;715;13;110556;130218889;VALID;0.110556;130.218889
8;715;14;110556;130218889;VALID;0.110556;130.218889
8;715;14;110556;130244167;VALID;0.110556;130.244167
8;715;15;110556;130244167;VALID;0.110556;130.244167
8;715;15;101667;130276944;VALID;0.101667;130.276944
8;715;16;101667;130276944;VALID;0.101667;130.276944
8;715;16;41944;130871944;VALID;0.041944;130.871944
8;715;17;41944;130871944;VALID;0.041944;130.871944
8;715;17;38056;130895556;VALID;0.038056;130.895556
8;715;18;38056;130895556;VALID;0.038056;130.895556
8;715;18;-20556;131044167;VALID;-0.020556;131.044167
8;715;19;-20556;131044167;VALID;-0.020556;131.044167
8;715;19;-380833;131241667;VALID;-0.380833;131.241667
8;715;20;-380833;131241667;VALID;-0.380833;131.241667
8;715;20;-395833;131250278;VALID;-0.395833;131.250278
8;715;21;-395833;131250278;VALID;-0.395833;131.250278
8;715;21;-398611;131257222;VALID;-0.398611;131.257222
8;715;22;-398611;131257222;VALID;-0.398611;131.257222
8;715;22;-755556;131442222;VALID;-0.755556;131.442222
8;715;23;-755556;131442222;VALID;-0.755556;131.442222
8;715;23;-4251667;134874444;VALID;-4.251667;134.874444
8;715;24;-5274167;133155556;VALID;-5.274167;133.155556
8;715;24;-4251667;134874444;VALID;-4.251667;134.874444
8;715;24;-5274167;133155556;VALID;-5.274167;133.155556
8;715;25;-5274167;133155556;VALID;-5.274167;133.155556
9;716;1;4169444;117908056;VALID;4.169444;117.908056
9;716;2;4169444;117941944;VALID;4.169444;117.941944
9;716;3;4169444;118028611;VALID;4.169444;118.028611
9;716;4;4169167;118097778;VALID;4.169167;118.097778
9;716;5;4158333;118281389;VALID;4.158333;118.281389
9;716;6;4025833;118252222;VALID;4.025833;118.252222
9;716;7;4024444;118521111;VALID;4.024444;118.521111
9;716;8;3937778;118521667;VALID;3.937778;118.521667
9;716;9;3920833;118552222;VALID;3.920833;118.552222
9;716;10;3911389;118578333;VALID;3.911389;118.578333
9;716;11;3904722;1186125;TIDAK VALID;3.904722;1.186125
9;716;12;3904722;118654167;VALID;3.904722;118.654167
9;716;13;3918056;118708056;VALID;3.918056;118.708056
9;716;14;3933889;118739167;VALID;3.933889;118.739167
9;716;15;3964444;118776944;VALID;3.964444;118.776944
9;716;16;3951111;118801667;VALID;3.951111;118.801667
9;716;17;3939722;118834444;VALID;3.939722;118.834444
9;716;18;3933611;1188825;TIDAK VALID;3.933611;1.188825
9;716;19;3935556;118910278;VALID;3.935556;118.910278
9;716;20;3941389;1189375;TIDAK VALID;3.941389;1.189375
9;716;21;3956667;118976111;VALID;3.956667;118.976111
9;716;22;3975556;119005556;VALID;3.975556;119.005556
9;716;23;3993889;119026111;VALID;3.993889;119.026111
9;716;24;4020833;119048333;VALID;4.020833;119.048333
9;716;25;4063889;119070556;VALID;4.063889;119.070556
9;716;26;4090556;119078333;VALID;4.090556;119.078333
9;716;27;4125;119082778;VALID;0.004125;119.082778
9;716;28;4145833;1190825;TIDAK VALID;4.145833;1.190825
9;716;29;4166667;119080278;VALID;4.166667;119.080278
9;716;30;4166667;119144444;VALID;4.166667;119.144444
9;716;31;3111389;119926111;VALID;3.111389;119.926111
9;716;32;3443333;121358611;VALID;3.443333;121.358611
9;716;33;3813889;122933611;VALID;3.813889;122.933611
9;716;34;4949444;124765556;VALID;4.949444;124.765556
9;716;35;5044167;125455833;VALID;5.044167;125.455833
9;716;36;5906111;126391944;VALID;5.906111;126.391944
9;716;37;6421111;127318889;TIDAK VALID;6.421111;127.318889
9;716;38;6406944;128650556;TIDAK VALID;6.406944;128.650556
9;716;39;6405556;129525278;TIDAK VALID;6.405556;129.525278
9;716;40;6404722;130048056;TIDAK VALID;6.404722;130.048056
9;716;41;6333333;130086944;TIDAK VALID;6.333333;130.086944
9;716;42;6178333;130164167;TIDAK VALID;6.178333;130.164167
9;716;43;5973333;130251389;VALID;5.973333;130.251389
9;716;44;5763056;130324722;VALID;5.763056;130.324722
9;716;45;5609722;130368889;VALID;5.609722;130.368889
9;716;46;5426667;130411667;VALID;5.426667;130.411667
9;716;47;53075;130580556;VALID;0.053075;130.580556
9;716;48;5050833;130881944;VALID;5.050833;130.881944
9;716;49;4721667;131181944;VALID;4.721667;131.181944
9;716;50;45225;131328889;VALID;0.045225;131.328889
9;716;51;4419444;131396389;VALID;4.419444;131.396389
9;716;52;44025;131621389;VALID;0.044025;131.621389
9;716;53;3080833;130999722;VALID;3.080833;130.999722
9;716;54;3018056;1309825;TIDAK VALID;3.018056;1.309825
9;716;55;2969722;130983056;VALID;2.969722;130.983056
9;716;56;2904444;131003611;VALID;2.904444;131.003611
9;716;56;2904444;131003611;VALID;2.904444;131.003611
10;717;1;2858611;131034167;VALID;2.858611;131.034167
10;717;2;2826944;131068333;VALID;2.826944;131.068333
10;717;3;2801944;131115556;VALID;2.801944;131.115556
10;717;4;2593056;131671667;VALID;2.593056;131.671667
10;717;5;2586667;131691667;VALID;2.586667;131.691667
10;717;6;2577778;131760833;VALID;2.577778;131.760833
10;717;7;2591667;131835;TIDAK VALID;2.591667;0.131835
10;717;8;2637222;1319175;TIDAK VALID;2.637222;1.319175
10;717;9;2688056;131963889;VALID;2.688056;131.963889
10;717;10;2733611;131993333;VALID;2.733611;131.993333
10;717;11;4188333;132486667;VALID;4.188333;132.486667
10;717;12;4073056;132744722;VALID;4.073056;132.744722
10;717;13;3977222;132923611;VALID;3.977222;132.923611
10;717;14;401;132998056;VALID;0.000401;132.998056
10;717;15;4089722;133206111;VALID;4.089722;133.206111
10;717;16;4206667;133635556;VALID;4.206667;133.635556
10;717;17;42575;133978056;VALID;0.042575;133.978056
10;717;18;4270278;134422778;VALID;4.270278;134.422778
10;717;19;4251667;134669722;VALID;4.251667;134.669722
10;717;20;42125;134935833;VALID;0.042125;134.935833
10;717;21;4118889;13532;TIDAK VALID;4.118889;0.013532
10;717;22;4000278;135645;TIDAK VALID;4.000278;0.135645
10;717;23;3928611;1358025;TIDAK VALID;3.928611;1.358025
10;717;24;3836667;135977778;VALID;3.836667;135.977778
10;717;25;3693889;136208889;VALID;3.693889;136.208889
10;717;26;33875;136596389;VALID;0.033875;136.596389
10;717;27;3121944;136855;TIDAK VALID;3.121944;0.136855
10;717;28;2849722;137068611;VALID;2.849722;137.068611
10;717;29;2176667;137541667;VALID;2.176667;137.541667
10;717;30;2014167;137792778;VALID;2.014167;137.792778
10;717;31;1816389;138583611;VALID;1.816389;138.583611
10;717;32;1722778;139209167;VALID;1.722778;139.209167
10;717;33;1711111;139281944;VALID;1.711111;139.281944
10;717;34;1693056;139378056;VALID;1.693056;139.378056
10;717;35;1654722;139545;TIDAK VALID;1.654722;0.139545
10;717;36;1600278;139733333;VALID;1.600278;139.733333
10;717;37;1543889;139895278;VALID;1.543889;139.895278
10;717;38;1479167;140053889;VALID;1.479167;140.053889
10;717;39;1384167;1402525;TIDAK VALID;1.384167;1.402525
10;717;40;1093611;140811944;VALID;1.093611;140.811944
10;717;41;1026389;140813333;VALID;1.026389;140.813333
10;717;42;736111;140819444;VALID;0.736111;140.819444
10;717;43;-1076389;1414;TIDAK VALID;-1.076389;0.001414
10;717;44;-2141667;141025;TIDAK VALID;-2.141667;0.141025
10;717;45;-2604444;141;TIDAK VALID;-2.604444;0.000141
11;718;1;-9127778;141019444;TIDAK VALID;-9.127778;141.019444
11;718;2;-9135556;141020556;TIDAK VALID;-9.135556;141.020556
11;718;3;-9383333;140866667;VALID;-9.383333;140.866667
11;718;4;-9408333;140825;TIDAK VALID;-9.408333;0.140825
11;718;5;-9866667;140483333;VALID;-9.866667;140.483333
11;718;6;-104;139766667;VALID;-0.000104;139.766667
11;718;7;-10833333;1392;TIDAK VALID;-10.833333;0.001392
11;718;8;-104;138633333;VALID;-0.000104;138.633333
11;718;9;-10366667;138583333;VALID;-10.366667;138.583333
11;718;10;-1015;138216667;VALID;-0.001015;138.216667
11;718;11;-995;13775;TIDAK VALID;-0.000995;0.013775
11;718;12;-9133333;135483333;VALID;-9.133333;135.483333
11;718;13;-9283333;135216667;VALID;-9.283333;135.216667
11;718;14;-9366667;13505;TIDAK VALID;-9.366667;0.013505
11;718;15;-9416667;134833333;VALID;-9.416667;134.833333
11;718;16;-9082778;133925278;VALID;-9.082778;133.925278
11;718;17;-8883333;133383333;VALID;-8.883333;133.383333
11;718;18;-91;132766667;VALID;-0.000091;132.766667
11;718;19;-9233333;13255;TIDAK VALID;-9.233333;0.013255
11;718;20;-9266667;1325;TIDAK VALID;-9.266667;0.001325
11;718;21;-9333333;132333333;VALID;-9.333333;132.333333
11;718;22;-9383333;1322;TIDAK VALID;-9.383333;0.001322
11;718;23;-9516667;131966667;VALID;-9.516667;131.966667
11;718;24;-955;131866667;VALID;-0.000955;131.866667
11;718;25;-96;131716667;VALID;-0.000096;131.716667
11;718;26;-9666667;131516667;VALID;-9.666667;131.516667
11;718;27;-97;131466667;VALID;-0.000097;131.466667
11;718;28;-9783333;130916667;VALID;-9.783333;130.916667
11;718;29;-975;130716667;VALID;-0.000975;130.716667
11;718;30;-965;1301;TIDAK VALID;-0.000965;0.001301
11;718;31;-975;1295;TIDAK VALID;-0.000975;0.001295
11;718;32;-9983333;129016667;VALID;-9.983333;129.016667
11;718;33;-1045;1283;TIDAK VALID;-0.001045;0.001283
11;718;34;-10466667;128233333;VALID;-10.466667;128.233333
11;718;35;-10498611;128203333;VALID;-10.498611;128.203333
11;718;36;-10187778;1281275;TIDAK VALID;-10.187778;1.281275
11;718;37;-9943333;128060833;VALID;-9.943333;128.060833
11;718;38;-97175;127991944;VALID;-0.097175;127.991944
11;718;39;-9444167;127920278;VALID;-9.444167;127.920278
11;718;40;-9176111;127865278;VALID;-9.176111;127.865278
11;718;41;-8935278;127798333;VALID;-8.935278;127.798333
11;718;42;-8733889;127726111;VALID;-8.733889;127.726111
11;718;43;-8571667;127648611;VALID;-8.571667;127.648611
11;718;44;-8410556;12754;TIDAK VALID;-8.410556;0.012754
11;718;45;-8326667;127445833;VALID;-8.326667;127.445833
